email,name,id,backing,request,amount
ddegowe2r@wiley.com,Ford,41,9/30/2022,6/11/2022,337
fwathell15@diigo.com,GMC,41,8/24/2022,4/15/2022,601
htuison14@behance.net,Oldsmobile,20,6/24/2022,6/23/2022,302
hjansey19@whitehouse.gov,Dodge,36,4/17/2022,,456
hbatecok1k@reference.com,Mercedes-Benz,62,8/28/2022,2/26/2022,160
hsurgener2@delicious.com,Saab,62,5/13/2022,7/13/2022,439
otoner1n@amazonaws.com,Ford,22,8/26/2022,2/5/2022,7
jreily1d@blogtalkradio.com,Ford,92,8/3/2022,6/16/2022,705
cvasyaginm@creativecommons.org,Mercedes-Benz,7,4/3/2022,10/18/2022,29
ihastelow1m@nhs.uk,Ferrari,41,11/16/2021,9/20/2022,513
cogrady1c@hubpages.com,Lincoln,20,7/14/2022,10/12/2022,180
dvarnals1i@blog.com,Dodge,69,5/6/2022,,429
agianettini17@hao123.com,Daewoo,22,10/30/2021,6/16/2022,33
ekochs1l@nih.gov,Bentley,7,6/4/2022,7/9/2022,48
smcdouglet@goo.gl,Dodge,51,11/8/2021,8/11/2022,932
brelph0@clickbank.net,Oldsmobile,5,6/26/2022,1/14/2022,635
kbenoit10@deviantart.com,Chevrolet,36,3/22/2022,4/4/2022,84
bcote1g@hubpages.com,Mercedes-Benz,38,9/2/2022,8/6/2022,593
