email,street,num,zip,country
mbaldoni6@oracle.com,Hayes,79911,1,China
otoner1n@amazonaws.com,Debs,215,2,Democratic Republic of the Congo
odrohunv@ebay.com,Sutherland,13,3,Russia
cjanecek1v@chron.com,Lakewood Gardens,8162,4,Indonesia
otoner1n@amazonaws.com,Scoville,98,5,Indonesia
hbatecok1k@reference.com,Ryan,92,6,China
lsauvend@ox.ac.uk,Gale,646,7,Russia
hjansey19@whitehouse.gov,Jenna,6,8,Afghanistan
lordemannr@youtube.com,Del Mar,7138,9,Colombia
ihastelow1m@nhs.uk,Shasta,688,10,Pakistan
agianettini17@hao123.com,Everett,66,11,Nigeria
jreily1d@blogtalkradio.com,Scott,9,12,Sweden
ddegowe2r@wiley.com,Elmside,04548,13,El Salvador
rburland1a@exblog.jp,Corben,66831,14,Russia
ihastelow1m@nhs.uk,Northview,12913,15,Philippines
fwathell15@diigo.com,Roxbury,834,16,Brazil
mdarganu@clickbank.net,Farragut,50681,17,Bulgaria
cskelhorns@bigcartel.com,Everett,239,18,Syria
csimpkin1r@mysql.com,Rusk,4,19,France
brelph0@clickbank.net,Roth,83614,20,Portugal
ntrimmill2c@fastcompany.com,Darwin,7,21,France
rburland1a@exblog.jp,Declaration,737,22,China
hjansey19@whitehouse.gov,Morning,64,23,Philippines
kbenoit10@deviantart.com,Sunbrook,02,24,Poland
dvarnals1i@blog.com,Debra,5,25,China
bcote1g@hubpages.com,Everett,79952,26,Finland
dvarnals1i@blog.com,Del Mar,4,27,Tajikistan
htuison14@behance.net,Namekagon,22,28,Portugal
kbausmann2n@bloomberg.com,Bluejay,98,29,Greece
cvasyaginm@creativecommons.org,Merrick,77299,30,Ukraine
rcarberry2l@skype.com,Southridge,20303,31,Serbia
ovannuchi7@sphinn.com,Logan,95,32,Colombia
cjanecek1v@chron.com,Goodland,879,33,United States
jsafelli@infoseek.co.jp,Meadow Valley,5,34,China
jkinzettl@mozilla.org,Welch,15497,35,Indonesia
smcdouglet@goo.gl,Eliot,9,36,Philippines
bfyndon2p@hugedomains.com,Iowa,2,37,Colombia
ovannuchi7@sphinn.com,Forest,696,38,Russia
hsurgener2@delicious.com,Michigan,62158,39,Poland
csimpkin1r@mysql.com,Sloan,58,40,Palestinian Territory
rlambdean2h@pen.io,Stone Corner,4113,41,Malaysia
mgeddis25@w3.org,Summit,284,42,New Caledonia
cogrady1c@hubpages.com,Michigan,0,43,Bangladesh
dbarratt9@telegraph.co.uk,Carey,03881,44,Azerbaijan
ekochs1l@nih.gov,Algoma,53391,45,Brazil
kgrowcock1s@godaddy.com,La Follette,919,46,China
cgowlettc@purevolume.com,Killdeer,8640,47,Japan
agookey1p@disqus.com,Sullivan,26083,48,Mongolia
ddegowe2r@wiley.com,Bunker Hill,07115,49,China
oeccles1f@furl.net,Scott,65,50,Indonesia
