email,country
lshutery@vistaprint.com,China
jkinzettl@mozilla.org,Indonesia
cvasyaginm@creativecommons.org,China
yclacson1h@paypal.com,Philippines
cjanecek1v@chron.com,Russia
wavrahamovb@goodreads.com,China
jreily1d@blogtalkradio.com,United States
brelph0@clickbank.net,Poland
abigglestone5@apache.org,Indonesia
ekochs1l@nih.gov,Portugal
oventrisf@marriott.com,Yemen
cfinley1z@newyorker.com,Brazil
mbaldoni6@oracle.com,South Africa
alevet16@ask.com,Ukraine
mdarganu@clickbank.net,Indonesia
aseaversj@stanford.edu,France
bcote1g@hubpages.com,Albania
gbendtsen1t@homestead.com,China
drawll2b@marketwatch.com,Russia
afarryn4@ihg.com,Iran
acorhardx@rambler.ru,Iraq
hbatecok1k@reference.com,Philippines
acuppitt2d@sciencedirect.com,Botswana
icallingtong@sciencedirect.com,Albania
kbenoit10@deviantart.com,Sweden
cnavanp@sogou.com,China
ovannuchi7@sphinn.com,Poland
sjillittq@wufoo.com,Greece
cbaudetn@google.com.br,Indonesia
lewdaleh@hugedomains.com,Syria
kjirzik1w@friendfeed.com,Vietnam
fwathell15@diigo.com,Poland
ddegowe2r@wiley.com,Poland
ihastelow1m@nhs.uk,Russia
dbrassill2o@lycos.com,China
jsafelli@infoseek.co.jp,China
agookey1p@disqus.com,Japan
kattock1e@home.pl,Brazil
kmackim23@auda.org.au,Chad
smacardle1x@digg.com,Argentina
smcdouglet@goo.gl,Portugal
oeccles1f@furl.net,Indonesia
rcarberry2l@skype.com,China
