id,email,ptype,created,name,deadline,goal
41,ekochs1l@nih.gov,Publishing,8/8/2022,"Goose, cereopsis",12/28/2023,245085
4,icallingtong@sciencedirect.com,Food,8/20/2022,"Capuchin, weeper",9/6/2022,513770
1,abigglestone5@apache.org,Film,7/15/2022,"Weaver, white-browed sparrow",8/25/2022,876123
62,ihastelow1m@nhs.uk,Crafts,11/16/2021,White-necked stork,4/12/2022,674719
73,cfinley1z@newyorker.com,Dance,8/31/2022,African ground squirrel (unidentified),3/17/2023,515485
5,wavrahamovb@goodreads.com,Film,4/13/2022,Pale-throated three-toed sloth,1/23/2023,315721
12,cbaudetn@google.com.br,Art,7/20/2022,"Turkey, australian brush",1/11/2023,714950
30,ovannuchi7@sphinn.com,Games,9/12/2022,Crowned eagle,3/13/2023,691164
33,gbendtsen1t@homestead.com,Comics,11/16/2021,Sloth bear,12/5/2021,957538
36,mdarganu@clickbank.net,Music,12/24/2021,Red-tailed phascogale,7/20/2022,733937
20,smcdouglet@goo.gl,Film,3/18/2022,Red-capped cardinal,1/7/2023,762743
38,kjirzik1w@friendfeed.com,Photography,11/16/2021,Red-capped cardinal,12/24/2021,990573
94,afarryn4@ihg.com,Crafts,4/4/2022,"Eagle, tawny",11/19/2023,452891
84,jreily1d@blogtalkradio.com,Crafts,9/11/2022,Red sheep,1/20/2023,519601
51,aseaversj@stanford.edu,Comics,4/12/2022,Brown antechinus,12/14/2023,354736
63,acorhardx@rambler.ru,Crafts,8/1/2022,African ground squirrel (unidentified),12/26/2023,798726
80,drawll2b@marketwatch.com,Comics,10/26/2021,Long-tailed spotted cat,11/21/2021,420533
75,acuppitt2d@sciencedirect.com,Journalism,3/11/2022,"Snake, racer",7/19/2022,73036
72,brelph0@clickbank.net,Comics,5/20/2022,"Boa, malagasy ground",6/30/2022,699339
57,yclacson1h@paypal.com,Crafts,9/27/2022,"Crab, sally lightfoot",8/5/2023,669877
92,cjanecek1v@chron.com,Comics,8/11/2022,"Monkey, black spider",12/16/2023,966987
7,mbaldoni6@oracle.com,Music,10/28/2021,"Bird, magnificent frigate",3/6/2022,26621
9,cjanecek1v@chron.com,Comics,8/11/2022,Cheruton,12/16/2023,966987
34,mbaldoni6@oracle.com,Music,10/28/2021,TheoBird,3/6/2022,26621
25,cjanecek1v@chron.com,Comics,8/11/2022,AbnerMonkey,12/16/2023,966987
22,cjanecek1v@chron.com,Comics,8/11/2022,YuXUANProject,12/16/2023,966987
69,cjanecek1v@chron.com,Comics,8/11/2022,RyanProj,12/16/2023,966987
