time,id,message
2022-02-19 02:14:16,80,quam pede lobortis ligula sit amet eleifend pede
2022-08-07 23:08:08,92,rutrum rutrum neque aenean auctor gravida sem praesent id massa id nisl venenatis lacinia aenean sit amet justo
2022-10-13 21:36:01,63,in leo maecenas pulvinar lobortis est phasellus sit amet erat nulla tempus vivamus in felis
2022-03-23 05:35:58,9,feugiat non pretium quis lectus suspendisse potenti in eleifend quam
2022-02-07 07:20:33,92,mollis molestie lorem quisque ut erat curabitur gravida nisi at nibh in hac habitasse platea dictumst
2022-02-09 19:38:39,1,ultrices posuere cubilia curae mauris viverra diam vitae quam suspendisse potenti
2022-10-19 22:07:37,73,integer ac neque duis bibendum morbi non quam nec dui luctus
2022-05-18 07:25:20,22,mi pede malesuada in imperdiet et commodo vulputate justo in blandit ultrices enim lorem ipsum dolor
2022-05-30 16:52:45,51,sapien urna pretium nisl ut volutpat sapien arcu sed augue aliquam
2022-08-24 20:55:15,69,amet
2022-04-06 23:28:38,25,eget orci vehicula condimentum curabitur
2021-11-14 08:05:36,73,quam suspendisse potenti nullam porttitor lacus at turpis donec posuere metus vitae ipsum aliquam non mauris morbi non lectus
2022-09-19 23:17:51,22,nec dui luctus rutrum nulla tellus in sagittis dui vel nisl duis ac nibh fusce lacus purus aliquet
2022-07-25 05:57:47,38,rhoncus aliquam lacus morbi
2022-04-20 10:58:02,4,rhoncus aliquet pulvinar sed nisl nunc rhoncus dui vel sem
2022-09-07 05:24:05,1,risus semper porta volutpat
2022-06-19 17:08:43,5,vel accumsan
2022-05-28 20:56:50,41,quis odio consequat
2022-07-15 11:23:06,62,elit proin interdum mauris non ligula pellentesque ultrices phasellus id sapien in
2022-08-26 23:53:54,12,pretium iaculis diam erat fermentum justo nec condimentum neque sapien placerat ante nulla justo aliquam quis turpis eget
2022-10-04 05:08:10,94,hac habitasse platea dictumst etiam faucibus cursus urna ut tellus nulla ut erat id mauris
2021-11-29 13:33:02,22,sed nisl nunc rhoncus dui vel sem sed sagittis nam congue risus semper porta volutpat quam pede lobortis
2022-05-28 17:19:33,72,condimentum curabitur in libero ut massa volutpat convallis morbi odio odio
2022-08-06 15:47:11,72,consectetuer adipiscing elit proin risus praesent lectus vestibulum quam sapien varius ut blandit non interdum in ante
2022-01-14 08:38:53,38,adipiscing elit proin interdum mauris non ligula pellentesque
2022-06-05 01:47:54,33,et commodo vulputate justo in blandit ultrices enim lorem ipsum dolor sit amet
2022-04-24 18:32:26,41,volutpat dui maecenas tristique est et tempus
2022-08-21 19:16:58,22,consequat
2022-06-18 16:12:43,5,nulla ac enim in tempor
2022-04-08 14:49:45,41,turpis elementum ligula vehicula consequat morbi a ipsum integer a nibh in quis justo maecenas rhoncus aliquam lacus
2022-04-19 02:04:12,5,quis justo maecenas rhoncus aliquam lacus morbi quis tortor id nulla ultrices aliquet
2022-10-14 05:30:13,57,risus auctor sed
2022-04-03 15:13:04,73,hac habitasse platea dictumst aliquam augue quam sollicitudin vitae consectetuer eget rutrum at
2022-01-18 22:10:47,5,etiam
2021-12-27 14:51:08,41,sapien iaculis congue vivamus metus arcu adipiscing molestie hendrerit at vulputate vitae
2022-09-17 12:09:40,7,at velit eu est congue elementum in hac habitasse platea dictumst morbi vestibulum
2022-08-06 03:39:34,22,rutrum nulla tellus in sagittis dui vel nisl duis ac nibh fusce lacus purus aliquet at feugiat
2022-08-05 16:45:31,92,erat quisque erat
2021-12-29 04:46:00,5,aenean fermentum
2022-08-07 15:56:30,33,aliquet at feugiat non pretium quis
2021-11-18 06:26:40,69,eu nibh quisque id justo sit amet sapien dignissim vestibulum vestibulum ante ipsum primis in faucibus orci luctus
2022-09-06 19:13:43,75,non ligula
2022-10-19 11:14:21,25,quis orci eget orci vehicula condimentum curabitur in libero ut massa volutpat convallis morbi odio odio elementum eu interdum
2022-01-26 01:10:28,22,orci nullam molestie nibh in lectus pellentesque at nulla suspendisse potenti cras in purus eu magna vulputate
2022-05-20 03:16:44,62,luctus et ultrices posuere cubilia curae mauris viverra diam vitae quam suspendisse potenti nullam porttitor lacus
2022-07-31 11:54:58,69,ultrices libero non mattis pulvinar nulla pede ullamcorper augue a suscipit nulla elit
2022-01-16 05:42:51,12,et
2021-11-02 06:31:46,22,amet eleifend pede libero quis orci nullam molestie nibh in lectus pellentesque at nulla suspendisse potenti cras
2022-04-24 23:45:26,92,justo
2022-08-24 04:18:55,38,est et tempus semper est quam pharetra magna ac consequat metus sapien ut nunc vestibulum ante ipsum primis
2022-02-24 12:27:47,5,sit amet erat nulla
2022-03-18 13:55:27,80,metus sapien ut nunc vestibulum ante ipsum primis in faucibus orci luctus et ultrices posuere cubilia curae
2022-03-25 14:02:06,4,in libero ut massa volutpat convallis morbi odio odio elementum eu interdum eu tincidunt
2022-08-11 20:19:38,20,sagittis sapien
2022-03-11 18:46:48,69,odio condimentum id luctus nec
2022-10-20 02:24:59,33,molestie hendrerit at vulputate vitae nisl aenean lectus pellentesque eget nunc donec quis
2022-04-16 22:37:05,63,praesent blandit lacinia erat vestibulum sed magna at
2021-12-05 19:27:17,57,quis turpis sed ante vivamus tortor duis mattis egestas metus aenean fermentum donec ut mauris eget massa tempor convallis
2022-04-13 09:06:45,94,nunc rhoncus dui vel sem sed sagittis nam congue risus semper
2022-08-24 05:18:08,25,consectetuer eget rutrum at lorem integer tincidunt ante vel ipsum praesent blandit lacinia erat vestibulum sed
2022-06-17 22:17:34,92,ut nulla sed accumsan felis ut at dolor quis odio consequat varius integer ac leo
2022-03-20 16:31:14,1,ac nibh fusce lacus purus aliquet at feugiat non pretium
2022-05-17 02:28:17,72,at dolor quis
2022-02-05 07:31:44,92,morbi odio odio elementum eu interdum eu
2022-03-11 00:02:40,5,condimentum id luctus nec molestie sed justo pellentesque viverra pede ac diam cras pellentesque volutpat dui maecenas tristique est
2022-06-01 00:50:37,63,fermentum donec ut mauris eget massa
2022-09-22 19:05:09,69,sit amet lobortis sapien
2022-07-16 03:06:19,75,pellentesque at nulla suspendisse potenti cras in purus eu magna vulputate luctus
2022-04-26 14:44:40,22,sit amet lobortis sapien sapien non mi integer ac neque duis bibendum morbi non quam
2022-07-24 21:13:40,5,ipsum dolor sit amet consectetuer
2021-11-28 11:22:45,5,a feugiat et eros vestibulum ac est lacinia nisi venenatis
2022-06-14 20:50:13,4,pede malesuada in imperdiet et commodo vulputate justo
2022-05-17 10:39:03,92,pulvinar lobortis est phasellus sit amet erat nulla tempus vivamus in felis
2021-11-29 09:46:10,20,magna ac consequat metus sapien ut
2022-08-16 13:25:29,94,sed ante vivamus tortor duis mattis egestas metus aenean fermentum donec ut mauris eget massa tempor convallis nulla
2022-04-17 17:59:51,80,luctus et ultrices posuere cubilia curae donec pharetra magna vestibulum aliquet ultrices erat tortor sollicitudin mi sit amet lobortis sapien
2022-06-03 22:08:02,80,molestie hendrerit at vulputate vitae nisl aenean lectus pellentesque eget nunc donec
2022-10-16 22:59:50,9,maecenas ut massa quis augue luctus tincidunt nulla mollis molestie lorem quisque ut erat curabitur
2022-10-15 23:31:23,51,integer pede justo lacinia eget tincidunt eget tempus vel pede morbi porttitor
2022-05-22 02:31:49,92,nunc commodo placerat praesent blandit
2022-01-21 10:25:42,20,interdum mauris ullamcorper purus sit amet nulla quisque arcu libero rutrum
2021-11-07 06:33:33,1,quis turpis sed ante vivamus tortor duis mattis egestas metus aenean fermentum donec ut mauris eget
2022-04-21 21:50:01,41,suspendisse potenti nullam porttitor lacus at turpis donec posuere
2022-08-13 03:19:07,92,suscipit a feugiat et eros vestibulum ac est lacinia nisi venenatis tristique fusce congue diam id
2022-01-10 20:34:35,69,morbi vestibulum velit id pretium iaculis diam
2022-08-10 14:55:35,5,maecenas tristique est et tempus semper est quam pharetra magna ac consequat
2022-02-05 19:06:46,84,duis aliquam convallis nunc proin at turpis a pede
2022-04-06 13:26:58,63,eleifend donec ut dolor morbi vel lectus in quam fringilla rhoncus mauris enim leo rhoncus sed vestibulum sit
2022-02-25 15:31:10,94,turpis adipiscing lorem vitae
2022-02-05 03:09:23,63,proin eu mi nulla ac enim in tempor turpis nec euismod scelerisque quam turpis adipiscing lorem vitae mattis nibh ligula
2022-09-07 05:35:40,94,luctus et ultrices posuere cubilia curae donec pharetra magna vestibulum aliquet ultrices erat tortor sollicitudin mi sit amet lobortis
2022-02-05 07:55:21,1,vel augue vestibulum ante ipsum primis in faucibus orci luctus et ultrices posuere
2022-09-18 05:00:54,22,aliquet at feugiat non pretium quis lectus suspendisse potenti in eleifend quam a odio in hac habitasse platea dictumst
2022-10-16 19:59:10,30,ut nunc vestibulum
2021-12-30 20:23:55,63,massa
2022-10-02 16:38:28,69,at turpis a pede posuere nonummy integer non
2022-05-16 09:40:16,1,enim in tempor turpis nec
2022-09-19 19:06:09,9,curae mauris viverra diam vitae
2022-08-27 03:09:01,62,nec nisi vulputate
2022-02-01 01:38:07,30,justo in blandit ultrices enim lorem ipsum dolor sit amet consectetuer adipiscing elit proin interdum mauris non
