email,id,verified
brelph0@clickbank.net,355979618,12/04/2022
jlaxtonne1@google.de,022546356,12/12/2021
hsurgener2@delicious.com,115585274,24/06/2022
pbahls3@youku.com,943532296,22/07/2022
afarryn4@ihg.com,360789697,28/02/2022
abigglestone5@apache.org,811467104,01/04/2022
mbaldoni6@oracle.com,337880648,17/01/2022
ovannuchi7@sphinn.com,728925424,19/07/2022
hgirhard8@pinterest.com,006315995,25/04/2022
dbarratt9@telegraph.co.uk,851059117,24/06/2022
ltrimmilla@comsenz.com,613461256,05/07/2022
wavrahamovb@goodreads.com,740041918,14/09/2022
cgowlettc@purevolume.com,354673697,26/10/2021
lsauvend@ox.ac.uk,084160448,02/01/2022
arealffe@meetup.com,678172669,23/01/2022
oventrisf@marriott.com,841887132,09/10/2022
icallingtong@sciencedirect.com,022546356,11/01/2022
lewdaleh@hugedomains.com,436578039,25/12/2021
jsafelli@infoseek.co.jp,574462562,02/03/2022
aseaversj@stanford.edu,146263445,13/01/2022
